id,created_at,auth_user_id,profile_id,action,old_payload,new_payload
49f8a8b6-c47d-47bc-b7fe-e0383d411cba,Mon Jan 26 2026 19:07:29 GMT-0400 (Horário Padrão do Amazonas),,3e50be95-0bb3-4b0f-b28c-cc979401bb00,UPDATE,[object Object],[object Object]
659c98ae-cdbf-4522-b088-489dd12a9f9a,Mon Jan 26 2026 19:16:30 GMT-0400 (Horário Padrão do Amazonas),,3e50be95-0bb3-4b0f-b28c-cc979401bb00,UPDATE,[object Object],[object Object]
3884c775-12ce-448b-9d6e-fa704204d71c,Mon Jan 26 2026 20:02:45 GMT-0400 (Horário Padrão do Amazonas),,3e50be95-0bb3-4b0f-b28c-cc979401bb00,UPDATE,[object Object],[object Object]
3872c1ac-6757-400d-ae57-7eec8f31f7df,Mon Jan 26 2026 20:34:50 GMT-0400 (Horário Padrão do Amazonas),,bea6b2b3-00d6-49d4-bca8-07d323d0218d,INSERT,,[object Object]
fc96e286-b72f-4757-a301-8b2ff840a003,Mon Jan 26 2026 20:34:51 GMT-0400 (Horário Padrão do Amazonas),,bea6b2b3-00d6-49d4-bca8-07d323d0218d,UPDATE,[object Object],[object Object]
ea65be1b-77db-412e-b847-8a918cda7549,Mon Jan 26 2026 20:35:25 GMT-0400 (Horário Padrão do Amazonas),,bea6b2b3-00d6-49d4-bca8-07d323d0218d,UPDATE,[object Object],[object Object]
8e678fa7-9e16-40cf-8bd7-dcba8c181b57,Tue Jan 27 2026 20:11:27 GMT-0400 (Horário Padrão do Amazonas),,bea6b2b3-00d6-49d4-bca8-07d323d0218d,UPDATE,[object Object],[object Object]
a487ef20-ea32-475a-8fde-46b8a541790a,Tue Jan 27 2026 20:11:30 GMT-0400 (Horário Padrão do Amazonas),,bea6b2b3-00d6-49d4-bca8-07d323d0218d,UPDATE,[object Object],[object Object]
25c33ce6-5d15-44bd-97db-39c843c7e1e2,Tue Jan 27 2026 20:34:51 GMT-0400 (Horário Padrão do Amazonas),,58655951-e7de-45cd-9ece-1327bae5d962,INSERT,,[object Object]
813e71b5-7e0a-42b2-91f0-da99d2bf32a9,Tue Jan 27 2026 20:34:52 GMT-0400 (Horário Padrão do Amazonas),,58655951-e7de-45cd-9ece-1327bae5d962,UPDATE,[object Object],[object Object]
a86a18bc-3277-42d6-96ca-c589c1f0ca7d,Mon Feb 16 2026 10:52:15 GMT-0400 (Horário Padrão do Amazonas),,a7820bc0-b20f-4c4b-b443-b202e133ff41,INSERT,,[object Object]
425470f0-f51f-4c74-b50a-69251f943a08,Mon Feb 16 2026 10:52:16 GMT-0400 (Horário Padrão do Amazonas),,ecfc025e-9487-43e3-9223-a6382d3a925e,INSERT,,[object Object]
e551f7cc-01d6-445e-b010-1ec62f0e4865,Mon Feb 16 2026 10:56:41 GMT-0400 (Horário Padrão do Amazonas),,3e9c4d3a-45dd-48ba-830f-776aa77479cd,INSERT,,[object Object]
0b6d7fc5-595a-4200-af01-ff8eb59a82d8,Mon Feb 16 2026 10:59:22 GMT-0400 (Horário Padrão do Amazonas),,eeddcc3a-95c1-4cf6-9b54-57f01300a1a9,INSERT,,[object Object]
3ef8caac-8207-4730-a22c-c4c1c181f59b,Mon Feb 16 2026 10:59:22 GMT-0400 (Horário Padrão do Amazonas),,f69b4827-ee79-4a3b-b944-a756738a70a5,INSERT,,[object Object]
ec810e66-ab73-4a34-941e-c1e908248a87,Mon Feb 16 2026 11:01:19 GMT-0400 (Horário Padrão do Amazonas),,7a6ef309-8039-4bbf-bb58-e23779744415,INSERT,,[object Object]
6fc548b9-5cc7-4403-8035-47b37e35f2e0,Mon Feb 16 2026 11:01:24 GMT-0400 (Horário Padrão do Amazonas),,38f8517b-99d3-41bd-8d17-6460dcc645f8,INSERT,,[object Object]
36676bff-ec5e-4122-9ddb-90d6f6474625,Mon Feb 16 2026 11:02:39 GMT-0400 (Horário Padrão do Amazonas),,5f904442-0d2d-4bc3-95d2-126fb69848b6,INSERT,,[object Object]
fe706972-adcb-4e33-b085-b2a0e96f4460,Mon Feb 16 2026 11:02:40 GMT-0400 (Horário Padrão do Amazonas),,5f904442-0d2d-4bc3-95d2-126fb69848b6,UPDATE,[object Object],[object Object]
8977b682-c91f-409b-a3b4-5c60f2e14500,Mon Feb 16 2026 11:02:44 GMT-0400 (Horário Padrão do Amazonas),,863ae66e-0676-4e80-8820-eced2cb5fe1a,INSERT,,[object Object]
c6482d8a-9a91-4c95-8c66-c4fe0ca89cb7,Mon Feb 16 2026 11:03:53 GMT-0400 (Horário Padrão do Amazonas),,10714855-eb52-4922-a7c6-5dbb4e9949c2,INSERT,,[object Object]
437365c2-16d8-4270-a6ca-ca5b66af44d8,Mon Feb 16 2026 11:03:53 GMT-0400 (Horário Padrão do Amazonas),,10714855-eb52-4922-a7c6-5dbb4e9949c2,UPDATE,[object Object],[object Object]
64b68a7d-3832-4070-81f9-15776ec48f20,Mon Feb 16 2026 11:04:39 GMT-0400 (Horário Padrão do Amazonas),,b5bfb5f5-db2f-4372-ae65-1093ed2b9ec4,INSERT,,[object Object]
635c1d51-59ba-4d0c-a254-870f1a76a80e,Mon Feb 16 2026 11:04:40 GMT-0400 (Horário Padrão do Amazonas),,b5bfb5f5-db2f-4372-ae65-1093ed2b9ec4,UPDATE,[object Object],[object Object]
30d27a0e-348d-4ede-b781-fa06161ab39d,Mon Feb 16 2026 11:07:00 GMT-0400 (Horário Padrão do Amazonas),,6508960a-4cb9-4f08-b91b-019780ef00ed,INSERT,,[object Object]
ec5abc16-fedc-4678-aa9d-744be48206a6,Mon Feb 16 2026 11:27:20 GMT-0400 (Horário Padrão do Amazonas),,479bbaa5-4009-4c86-9fb6-9287c6e9b98e,INSERT,,[object Object]
d122c57a-81af-4a2a-b9f5-1c8b6100e880,Mon Feb 16 2026 11:07:00 GMT-0400 (Horário Padrão do Amazonas),,6508960a-4cb9-4f08-b91b-019780ef00ed,UPDATE,[object Object],[object Object]
92d99bae-9a8c-4f71-89bd-2bfe43286729,Mon Feb 16 2026 11:14:50 GMT-0400 (Horário Padrão do Amazonas),,308b09ea-253b-4eaa-ba1d-d44f1bac80bd,INSERT,,[object Object]
4d0fdada-3616-424e-b9e9-9b21029af7d2,Mon Feb 16 2026 11:14:50 GMT-0400 (Horário Padrão do Amazonas),,308b09ea-253b-4eaa-ba1d-d44f1bac80bd,UPDATE,[object Object],[object Object]
de6151dc-f0d5-4627-9bd8-0c460d9f6391,Mon Feb 16 2026 11:14:56 GMT-0400 (Horário Padrão do Amazonas),,9c977fb3-c8e9-4a9d-8eb2-bbdce070e2dd,INSERT,,[object Object]
37c3ff1d-4835-4931-86bf-0fc2d20e0f6e,Mon Feb 16 2026 11:22:21 GMT-0400 (Horário Padrão do Amazonas),,f0a1bb6d-fe6e-476a-ba4b-c977a824b778,INSERT,,[object Object]
9a407e0f-9064-4248-ab78-0da14ccacf77,Mon Feb 16 2026 11:22:21 GMT-0400 (Horário Padrão do Amazonas),,f0a1bb6d-fe6e-476a-ba4b-c977a824b778,UPDATE,[object Object],[object Object]
7a8ee072-03da-4f98-821a-d3baaebd3fc5,Mon Feb 16 2026 11:23:48 GMT-0400 (Horário Padrão do Amazonas),,2a2066da-2d28-429c-aedf-95813dfdfd9c,INSERT,,[object Object]
7db2f439-1764-448f-8173-33feb51933f9,Mon Feb 16 2026 11:23:49 GMT-0400 (Horário Padrão do Amazonas),,2a2066da-2d28-429c-aedf-95813dfdfd9c,UPDATE,[object Object],[object Object]
c056f77f-adb1-4da2-8091-bc695948e80e,Mon Feb 16 2026 11:23:52 GMT-0400 (Horário Padrão do Amazonas),,04f319e3-afcc-4511-9522-f60c41d8509c,INSERT,,[object Object]
2b35b3f6-a6f5-463b-91ef-d351c87d63d4,Mon Feb 16 2026 11:24:52 GMT-0400 (Horário Padrão do Amazonas),,eea4df97-294a-4ff0-aeda-4f56d4e603da,INSERT,,[object Object]
51b8199c-d819-4015-b787-6d363c30b0fd,Mon Feb 16 2026 11:24:53 GMT-0400 (Horário Padrão do Amazonas),,eea4df97-294a-4ff0-aeda-4f56d4e603da,UPDATE,[object Object],[object Object]
04f307da-283c-4204-945c-1f46a623a9e4,Mon Feb 16 2026 11:24:55 GMT-0400 (Horário Padrão do Amazonas),,d7581c31-c53f-4e2a-9bbc-5559c0637651,INSERT,,[object Object]
50a02a59-6387-4941-8c12-14ce5a41fd2f,Mon Feb 16 2026 11:27:15 GMT-0400 (Horário Padrão do Amazonas),,0f030ea5-d39b-4fe7-9bd9-dc6aa0e37e61,INSERT,,[object Object]
ea80273b-3873-4d64-9254-20e7cdcff732,Mon Feb 16 2026 11:27:16 GMT-0400 (Horário Padrão do Amazonas),,0f030ea5-d39b-4fe7-9bd9-dc6aa0e37e61,UPDATE,[object Object],[object Object]
7c51e848-8889-4b60-b556-e54aca17d32f,Mon Feb 16 2026 11:28:28 GMT-0400 (Horário Padrão do Amazonas),,400bfe10-2b2d-406f-9e77-46c8b44f7544,INSERT,,[object Object]
22d582ed-0b69-4ebd-9980-f33dde681c41,Mon Feb 16 2026 11:28:29 GMT-0400 (Horário Padrão do Amazonas),,400bfe10-2b2d-406f-9e77-46c8b44f7544,UPDATE,[object Object],[object Object]
caa0cfc0-793f-4dd0-8429-9f9e813aa182,Mon Feb 16 2026 11:28:32 GMT-0400 (Horário Padrão do Amazonas),,e10d60e8-7469-4865-8d5a-87eb005d48a1,INSERT,,[object Object]
579b0c1c-4abf-49c0-9d32-5d25786a9b95,Mon Feb 16 2026 11:29:50 GMT-0400 (Horário Padrão do Amazonas),,99a948ad-68a4-43f6-ba3e-69c534786b7d,INSERT,,[object Object]
db17eea1-5555-4617-943c-f883f12f66de,Mon Feb 16 2026 11:29:50 GMT-0400 (Horário Padrão do Amazonas),,99a948ad-68a4-43f6-ba3e-69c534786b7d,UPDATE,[object Object],[object Object]
28f4c9e4-793f-4dd0-8cdc-02f98deb53e6,Mon Feb 16 2026 11:29:52 GMT-0400 (Horário Padrão do Amazonas),,4f5c3068-c291-4db1-9cfc-17716163605a,INSERT,,[object Object]
c43c72e5-edcf-4cdf-b700-3231db6bce02,Mon Feb 16 2026 11:31:01 GMT-0400 (Horário Padrão do Amazonas),,dc73472c-03c1-483e-b156-1f0d2d40b295,INSERT,,[object Object]
08c64e1e-c431-48fe-962e-9d92e0f26c61,Mon Feb 16 2026 11:31:01 GMT-0400 (Horário Padrão do Amazonas),,dc73472c-03c1-483e-b156-1f0d2d40b295,UPDATE,[object Object],[object Object]
4d1dc9b8-3048-4bcc-aff9-a093044c62ea,Mon Feb 16 2026 11:31:03 GMT-0400 (Horário Padrão do Amazonas),,e2758345-8f0a-4a2e-a823-eb58119539c2,INSERT,,[object Object]
7294b534-be19-41df-b015-75eaefd45652,Mon Feb 16 2026 11:32:21 GMT-0400 (Horário Padrão do Amazonas),,0fee9e8c-2bb5-446e-a92a-adc454350f1a,INSERT,,[object Object]
a67abde9-64fc-4923-84d4-2ca01bc726a2,Mon Feb 16 2026 11:32:22 GMT-0400 (Horário Padrão do Amazonas),,0fee9e8c-2bb5-446e-a92a-adc454350f1a,UPDATE,[object Object],[object Object]
8a480ac3-6cc7-44f6-b782-74e211312690,Mon Feb 16 2026 11:32:24 GMT-0400 (Horário Padrão do Amazonas),,560af8c9-2f11-45ad-bd24-4fd238cbf8a6,INSERT,,[object Object]
0b361d57-4a05-4deb-a920-a5422c69707d,Mon Feb 16 2026 11:45:45 GMT-0400 (Horário Padrão do Amazonas),,3e50be95-0bb3-4b0f-b28c-cc979401bb00,UPDATE,[object Object],[object Object]
3db2fca2-1633-4c53-b709-12a882491ca2,Mon Feb 16 2026 11:46:01 GMT-0400 (Horário Padrão do Amazonas),,3fc0e0e6-1464-44a9-8024-051332087b20,INSERT,,[object Object]
173d3bb8-d955-49e2-ad77-e943ec5cd798,Mon Feb 16 2026 11:46:07 GMT-0400 (Horário Padrão do Amazonas),,555ea05a-33b5-4c6d-97ad-48e179a4ce9d,INSERT,,[object Object]
981914a1-079a-4aef-ae4c-b8f6fa333b47,Mon Feb 16 2026 14:58:37 GMT-0400 (Horário Padrão do Amazonas),,4d423a0a-892d-40b0-b15b-f195e795742e,INSERT,,[object Object]
6ee9baf7-a584-4e20-97f6-ac881fce19c8,Mon Feb 16 2026 14:58:40 GMT-0400 (Horário Padrão do Amazonas),,e61e4c66-544e-4bdb-89fc-5565b62c5a73,INSERT,,[object Object]
6903d3f8-c412-4b53-93b9-7a56909320d4,Mon Feb 16 2026 14:59:26 GMT-0400 (Horário Padrão do Amazonas),,ab0868a5-6936-4b6d-8b09-a62c51e045d8,INSERT,,[object Object]
7ead9041-632b-4f2d-b5e0-c390a524a997,Mon Feb 16 2026 14:59:28 GMT-0400 (Horário Padrão do Amazonas),,ce624b63-076d-49f9-9952-7c8e6acc0858,INSERT,,[object Object]
c1f1f307-5e7c-410e-ba22-4fc940ec77b3,Mon Feb 16 2026 15:04:31 GMT-0400 (Horário Padrão do Amazonas),,b6448d7f-6541-4566-861b-bd094ed36faf,INSERT,,[object Object]
b964ed40-beac-4ef0-9357-950a7fd3d8aa,Mon Feb 16 2026 15:04:32 GMT-0400 (Horário Padrão do Amazonas),,8aca5bb8-13d9-4b4a-82bb-fd651afd1ae6,INSERT,,[object Object]
0eb64e3a-cad8-4f65-92b7-f868ab6d0ca0,Mon Feb 16 2026 15:05:54 GMT-0400 (Horário Padrão do Amazonas),,93e7a2f5-2f00-4a45-8a73-3d95b21f8a8a,INSERT,,[object Object]
a09f5b64-d39f-40eb-bdf9-77bb96b8a99b,Mon Feb 16 2026 15:05:57 GMT-0400 (Horário Padrão do Amazonas),,eec6fd4f-6db6-4e58-a11a-e414f742ef7a,INSERT,,[object Object]
33a86692-89ca-4aea-b938-db00e0e201b0,Mon Feb 16 2026 15:07:13 GMT-0400 (Horário Padrão do Amazonas),,3e50be95-0bb3-4b0f-b28c-cc979401bb00,UPDATE,[object Object],[object Object]
77311f55-00a9-4ab8-959e-46a0b385c840,Mon Feb 16 2026 15:07:29 GMT-0400 (Horário Padrão do Amazonas),,c408e80a-3125-428a-9090-351691aa2f48,INSERT,,[object Object]
16959e7b-df8f-4ec3-98ae-2d9e02e81a0a,Mon Feb 16 2026 15:07:32 GMT-0400 (Horário Padrão do Amazonas),,e71e56ef-938e-4524-8967-9bab1a679716,INSERT,,[object Object]
a0656273-d65b-40bf-bece-51e6eebaef4d,Mon Feb 16 2026 15:08:46 GMT-0400 (Horário Padrão do Amazonas),,9d79bbb7-1425-4539-8f9a-eee5a92cd887,INSERT,,[object Object]
ecce6393-ed74-445b-9909-2fe7ffddffac,Mon Feb 16 2026 15:08:49 GMT-0400 (Horário Padrão do Amazonas),,64de409f-fcf9-4b39-9f7b-1fc7a35e8e69,INSERT,,[object Object]
9de3a8ca-e127-4d99-8910-240d6d049aa5,Mon Feb 16 2026 15:23:56 GMT-0400 (Horário Padrão do Amazonas),,e61e4c66-544e-4bdb-89fc-5565b62c5a73,UPDATE,[object Object],[object Object]
ce978a3e-58b0-4c9d-b50f-646eec2d9530,Mon Feb 16 2026 15:23:56 GMT-0400 (Horário Padrão do Amazonas),,ce624b63-076d-49f9-9952-7c8e6acc0858,UPDATE,[object Object],[object Object]
5dc4f444-b932-4cc4-9c5d-bf8219be5e16,Mon Feb 16 2026 15:23:56 GMT-0400 (Horário Padrão do Amazonas),,8aca5bb8-13d9-4b4a-82bb-fd651afd1ae6,UPDATE,[object Object],[object Object]
e81140da-4077-48bb-8262-8b5e91214e4a,Mon Feb 16 2026 15:23:56 GMT-0400 (Horário Padrão do Amazonas),,eec6fd4f-6db6-4e58-a11a-e414f742ef7a,UPDATE,[object Object],[object Object]
d77a73ca-4de5-4bff-b456-36323d0bfb3c,Mon Feb 16 2026 15:23:56 GMT-0400 (Horário Padrão do Amazonas),,e71e56ef-938e-4524-8967-9bab1a679716,UPDATE,[object Object],[object Object]
0161dcf3-cace-42b0-bc9c-ed5753973b2a,Mon Feb 16 2026 15:23:56 GMT-0400 (Horário Padrão do Amazonas),,64de409f-fcf9-4b39-9f7b-1fc7a35e8e69,UPDATE,[object Object],[object Object]
1bfc8325-ddcb-48f5-9ff9-cace22095396,Mon Feb 16 2026 15:23:56 GMT-0400 (Horário Padrão do Amazonas),,9c977fb3-c8e9-4a9d-8eb2-bbdce070e2dd,UPDATE,[object Object],[object Object]
31366684-4da8-4902-93ad-e2b7ee106c12,Mon Feb 16 2026 15:23:56 GMT-0400 (Horário Padrão do Amazonas),,04f319e3-afcc-4511-9522-f60c41d8509c,UPDATE,[object Object],[object Object]
a8a183e0-2cec-47f2-a7e2-88874893f2b4,Mon Feb 16 2026 15:23:56 GMT-0400 (Horário Padrão do Amazonas),,d7581c31-c53f-4e2a-9bbc-5559c0637651,UPDATE,[object Object],[object Object]
b08fefeb-d3a1-4e74-8efc-a32329567c1d,Mon Feb 16 2026 15:23:56 GMT-0400 (Horário Padrão do Amazonas),,479bbaa5-4009-4c86-9fb6-9287c6e9b98e,UPDATE,[object Object],[object Object]
2f9ecad4-f86a-4d93-a208-a4a323fb414e,Mon Feb 16 2026 15:23:56 GMT-0400 (Horário Padrão do Amazonas),,38f8517b-99d3-41bd-8d17-6460dcc645f8,UPDATE,[object Object],[object Object]
6d4d7533-a269-4332-8ebf-f4b7baadf1cf,Mon Feb 16 2026 15:23:56 GMT-0400 (Horário Padrão do Amazonas),,863ae66e-0676-4e80-8820-eced2cb5fe1a,UPDATE,[object Object],[object Object]
1ab491bd-333d-4ce7-af2a-4411c6fdc371,Mon Feb 16 2026 15:23:56 GMT-0400 (Horário Padrão do Amazonas),,e10d60e8-7469-4865-8d5a-87eb005d48a1,UPDATE,[object Object],[object Object]
b02e4182-3ee6-4321-808b-df4ab78c2252,Mon Feb 16 2026 15:23:56 GMT-0400 (Horário Padrão do Amazonas),,4f5c3068-c291-4db1-9cfc-17716163605a,UPDATE,[object Object],[object Object]
4064aa6d-a4e6-4ada-b6c3-6efe10fc0b1d,Mon Feb 16 2026 15:23:56 GMT-0400 (Horário Padrão do Amazonas),,e2758345-8f0a-4a2e-a823-eb58119539c2,UPDATE,[object Object],[object Object]
ff9f48e3-e3a0-4db7-b39f-d9c5002d4077,Mon Feb 16 2026 15:23:56 GMT-0400 (Horário Padrão do Amazonas),,560af8c9-2f11-45ad-bd24-4fd238cbf8a6,UPDATE,[object Object],[object Object]
e3cf7dc9-c2ef-4cd1-bb62-cd9ccd9ebcc0,Mon Feb 16 2026 15:23:56 GMT-0400 (Horário Padrão do Amazonas),,555ea05a-33b5-4c6d-97ad-48e179a4ce9d,UPDATE,[object Object],[object Object]
a199cb87-9ac4-4bc9-a683-4b9fcbf79c85,Mon Feb 16 2026 15:23:57 GMT-0400 (Horário Padrão do Amazonas),,3e50be95-0bb3-4b0f-b28c-cc979401bb00,UPDATE,[object Object],[object Object]
17dee08d-d926-4185-91df-96b55cdf2cf3,Mon Feb 16 2026 15:25:05 GMT-0400 (Horário Padrão do Amazonas),,cfce9c35-4255-456a-82ab-a308df7c7a39,INSERT,,[object Object]
2dcad3a9-a681-4a86-88cd-96bcd64baf14,Mon Feb 16 2026 15:25:10 GMT-0400 (Horário Padrão do Amazonas),,82fe0259-6bb1-4572-9ce5-e0e709c621e4,INSERT,,[object Object]
7f4efc2a-2697-4399-80b4-6f75ff216180,Mon Feb 16 2026 15:26:40 GMT-0400 (Horário Padrão do Amazonas),,f49c0d4c-e063-4838-b715-8f2f28996490,INSERT,,[object Object]
3668151c-3a04-408d-aa10-e0d785f79366,Mon Feb 16 2026 15:26:42 GMT-0400 (Horário Padrão do Amazonas),,62d6bbd3-3ec2-48ef-9cfc-cdc363b05ee0,INSERT,,[object Object]
5f82eee7-119b-4d88-bc57-11be3243a2ef,Mon Feb 16 2026 15:26:43 GMT-0400 (Horário Padrão do Amazonas),,62d6bbd3-3ec2-48ef-9cfc-cdc363b05ee0,UPDATE,[object Object],[object Object]
361a58a8-f96b-4efd-aa01-c4127572208e,Mon Feb 16 2026 15:28:12 GMT-0400 (Horário Padrão do Amazonas),,e8746d5c-7416-442b-bfa1-c8f55acf365a,INSERT,,[object Object]
d7ae182f-29dd-4d15-a96b-c483fb45a376,Mon Feb 16 2026 15:28:15 GMT-0400 (Horário Padrão do Amazonas),,61fac568-7e11-45f5-a9c6-18d073e88c1b,INSERT,,[object Object]
9f708954-68fa-4e4a-a34e-6cf02cedbcdd,Mon Feb 16 2026 15:28:16 GMT-0400 (Horário Padrão do Amazonas),,61fac568-7e11-45f5-a9c6-18d073e88c1b,UPDATE,[object Object],[object Object]
50f90aaf-708e-444d-9ce6-5b11af8b91a0,Mon Feb 16 2026 15:29:25 GMT-0400 (Horário Padrão do Amazonas),,bd98624d-aeb5-454b-8c14-e6a5a3ff2e58,INSERT,,[object Object]
48ba53f5-5849-4f01-9c66-414587b385c6,Mon Feb 16 2026 15:29:28 GMT-0400 (Horário Padrão do Amazonas),,acaeaffd-a59e-4f66-b5a4-ddbe135cd3d9,INSERT,,[object Object]
08891ce4-f3ea-446d-bdf2-c90b51b65cba,Mon Feb 16 2026 15:29:28 GMT-0400 (Horário Padrão do Amazonas),,acaeaffd-a59e-4f66-b5a4-ddbe135cd3d9,UPDATE,[object Object],[object Object]
090b51a7-3006-44cc-bb96-09764f563e29,Mon Feb 16 2026 15:34:32 GMT-0400 (Horário Padrão do Amazonas),,be17fdf0-8901-40ad-be91-bee871205c38,INSERT,,[object Object]
ec6eb7f2-c5ac-4dcd-8eac-eb6205355705,Mon Feb 16 2026 15:34:44 GMT-0400 (Horário Padrão do Amazonas),,3b1e0a07-7d89-4c95-b2f5-d4d079331faa,INSERT,,[object Object]
fda79ee9-5c18-496e-853e-12b6089c8da8,Mon Feb 16 2026 15:34:45 GMT-0400 (Horário Padrão do Amazonas),,3b1e0a07-7d89-4c95-b2f5-d4d079331faa,UPDATE,[object Object],[object Object]
de6c6cbd-5e4d-45e1-9d9e-9bf712860d06,Mon Feb 16 2026 15:35:26 GMT-0400 (Horário Padrão do Amazonas),,7957680d-0435-4fad-8d13-0758bebdd881,INSERT,,[object Object]
ed6e3399-ac63-4036-9ee8-1f81f0d9d571,Mon Feb 16 2026 15:35:30 GMT-0400 (Horário Padrão do Amazonas),,48b17454-d3c4-433e-9c37-d8bd9859c8c2,INSERT,,[object Object]
27f43798-b602-4e7b-96b5-5e558dd69615,Mon Feb 16 2026 15:35:32 GMT-0400 (Horário Padrão do Amazonas),,48b17454-d3c4-433e-9c37-d8bd9859c8c2,UPDATE,[object Object],[object Object]
42c9b4da-056b-4789-b0c5-02f0e05de3dc,Mon Feb 16 2026 15:36:37 GMT-0400 (Horário Padrão do Amazonas),,2351bf16-ae94-4b7c-8e09-d4b19f571e0e,INSERT,,[object Object]
e2f77079-0501-44bb-862d-5e774c9d2b1d,Mon Feb 16 2026 15:36:41 GMT-0400 (Horário Padrão do Amazonas),,9674a303-70fb-48aa-8aa0-dd63db8a8039,INSERT,,[object Object]
a0c391d1-69f9-4da3-82c5-cea966c5087e,Mon Feb 16 2026 15:36:42 GMT-0400 (Horário Padrão do Amazonas),,9674a303-70fb-48aa-8aa0-dd63db8a8039,UPDATE,[object Object],[object Object]
a3c6a7da-229d-4501-9fa7-0d3bbc050dcd,Mon Feb 16 2026 15:38:17 GMT-0400 (Horário Padrão do Amazonas),,fbeb35cf-f4af-41bf-9819-492e0797b251,INSERT,,[object Object]
3caf2457-1709-4d85-9adc-0858d5d96a25,Mon Feb 16 2026 15:38:21 GMT-0400 (Horário Padrão do Amazonas),,5619cec5-8c87-44bd-bcda-0c619854223d,INSERT,,[object Object]
0eb2ed52-5217-4082-8cb8-4b68628e004e,Mon Feb 16 2026 15:38:22 GMT-0400 (Horário Padrão do Amazonas),,5619cec5-8c87-44bd-bcda-0c619854223d,UPDATE,[object Object],[object Object]
9e3ffa4d-0f11-4424-8874-0a11ec625369,Mon Feb 16 2026 15:39:28 GMT-0400 (Horário Padrão do Amazonas),,b7e2b6cd-6743-4a71-b7af-59880ab07270,INSERT,,[object Object]
194d5a61-1956-44fa-be5e-2ef44815d542,Mon Feb 16 2026 15:39:33 GMT-0400 (Horário Padrão do Amazonas),,a435ed50-848c-4b18-9515-e75576cc5c0b,INSERT,,[object Object]
72ca95cf-97df-420f-8447-d7c3fb54ba15,Mon Feb 16 2026 15:39:35 GMT-0400 (Horário Padrão do Amazonas),,a435ed50-848c-4b18-9515-e75576cc5c0b,UPDATE,[object Object],[object Object]
1ed06ebf-e088-48d2-8383-a8c961a58cea,Mon Feb 16 2026 15:43:49 GMT-0400 (Horário Padrão do Amazonas),,fdd98b47-acae-4b52-bd13-315910ef3c40,INSERT,,[object Object]
93bbd4ce-7d32-499d-a656-d76d570b271b,Mon Feb 16 2026 15:43:51 GMT-0400 (Horário Padrão do Amazonas),,3e382e26-074e-4c4a-a7c2-42f012eb721e,INSERT,,[object Object]
4d4b6567-419b-46aa-afce-9550f3b3044a,Mon Feb 16 2026 15:43:52 GMT-0400 (Horário Padrão do Amazonas),,3e382e26-074e-4c4a-a7c2-42f012eb721e,UPDATE,[object Object],[object Object]
237bd4aa-1743-44de-854d-821312a30ef3,Mon Feb 16 2026 15:45:00 GMT-0400 (Horário Padrão do Amazonas),,fba9f0c1-fbb6-464a-9d26-2fe04a00626c,INSERT,,[object Object]
bf4d6b3c-7e9e-41c5-a9b7-f52e8cb806ac,Mon Feb 16 2026 15:45:04 GMT-0400 (Horário Padrão do Amazonas),,342bfbe7-6394-4601-8927-2a90d6bdad9a,INSERT,,[object Object]
9a2c6e83-1079-4bd3-bd41-40ae1a49b47c,Mon Feb 16 2026 15:45:05 GMT-0400 (Horário Padrão do Amazonas),,342bfbe7-6394-4601-8927-2a90d6bdad9a,UPDATE,[object Object],[object Object]
373517b9-1385-4d98-9d74-c55d46731a0a,Mon Feb 16 2026 15:48:34 GMT-0400 (Horário Padrão do Amazonas),,3bfbf52d-9449-43da-a65b-de395eed3f18,INSERT,,[object Object]
20ea9ac2-5971-4fe3-bf43-ba438bc39927,Mon Feb 16 2026 15:48:34 GMT-0400 (Horário Padrão do Amazonas),,15041ac2-3b97-42f1-8bb1-948f78665c4b,INSERT,,[object Object]
efd031ef-1af9-4ca6-ac5f-4e4b4f22e71a,Mon Feb 16 2026 15:51:01 GMT-0400 (Horário Padrão do Amazonas),,fb795bc3-a6d0-4222-8e6f-6814c1a3dcb7,INSERT,,[object Object]
0695878f-9548-4eb2-8890-b252c80b36e2,Mon Feb 16 2026 15:51:01 GMT-0400 (Horário Padrão do Amazonas),,7095e991-51c1-49da-acbb-18fe3c4b57e6,INSERT,,[object Object]
0ac74664-3a02-4b7a-8177-ac20f6bcf2d2,Mon Feb 16 2026 15:52:17 GMT-0400 (Horário Padrão do Amazonas),,74461251-dd95-4bb1-856b-f68f64f26a7d,INSERT,,[object Object]
602d6bad-7e2a-4420-b978-3e50bd9b02d3,Mon Feb 16 2026 15:52:17 GMT-0400 (Horário Padrão do Amazonas),,af12623c-0049-426b-b5aa-ea0c1faebe78,INSERT,,[object Object]
b4b98b98-7d77-4d1f-8718-38725524abb8,Mon Feb 16 2026 15:53:26 GMT-0400 (Horário Padrão do Amazonas),,8bfcfcd8-fc35-4c19-92dc-30bf929da580,INSERT,,[object Object]
fe78c361-9b96-4898-a249-89198c8a4eb9,Mon Feb 16 2026 15:53:31 GMT-0400 (Horário Padrão do Amazonas),,3891e782-1ba9-4d79-a940-90b49cb1bc51,INSERT,,[object Object]
c4909caa-7c9a-4186-a926-092f004c5872,Mon Feb 16 2026 15:54:42 GMT-0400 (Horário Padrão do Amazonas),,b57aea55-e09a-4fb2-9ccb-dcf80276490b,INSERT,,[object Object]
fc9ac614-f6aa-4ac1-8fbe-5f4f3a2c6f96,Mon Feb 16 2026 15:54:46 GMT-0400 (Horário Padrão do Amazonas),,b079c492-16f4-4f5d-925a-3e4f52310b45,INSERT,,[object Object]
30d5430c-8227-4772-bc4a-3dd4ba626b92,Mon Feb 16 2026 15:55:57 GMT-0400 (Horário Padrão do Amazonas),,0bb077da-d63a-44c3-9079-c67b49fe8a74,INSERT,,[object Object]
eef70a9f-7110-4fba-b0d5-57b8ad57e5b3,Mon Feb 16 2026 15:55:57 GMT-0400 (Horário Padrão do Amazonas),,7837ec8c-03ce-4231-8e66-46e0ae414ff9,INSERT,,[object Object]
3b7c362d-bdd1-49b6-92bc-25e7892f31e8,Mon Feb 16 2026 15:56:02 GMT-0400 (Horário Padrão do Amazonas),,022b76ba-5be6-4f48-9813-4cf6ef018868,INSERT,,[object Object]
e29c539c-b261-4129-aed6-c7bb579a8d47,Mon Feb 16 2026 15:56:56 GMT-0400 (Horário Padrão do Amazonas),,342b3eee-bfae-4bb0-8093-7319af6ee626,INSERT,,[object Object]
43ec63b5-808d-4a01-857f-d5465b252b70,Mon Feb 16 2026 15:57:02 GMT-0400 (Horário Padrão do Amazonas),,158c50a2-2251-4f2b-8dc3-24eee3893baf,INSERT,,[object Object]
5b9276d5-13c3-4280-b0ca-67bd25a5bf3f,Mon Feb 16 2026 15:58:24 GMT-0400 (Horário Padrão do Amazonas),,d058a3ac-2aff-447a-8c4f-6d71966487d2,INSERT,,[object Object]
7997cc50-4d20-4e8b-8ffe-bde96419fecf,Mon Feb 16 2026 15:58:24 GMT-0400 (Horário Padrão do Amazonas),,689a6c44-6403-47a5-8dfd-9bb328f02161,INSERT,,[object Object]
46254f3c-d39d-40ab-8bf1-fd7b049ca8dd,Mon Feb 16 2026 16:01:19 GMT-0400 (Horário Padrão do Amazonas),,9dfb4341-253b-4b8d-b120-5d840c8f205a,INSERT,,[object Object]
ff5085cf-4cd2-4123-af47-2dda78be18d8,Mon Feb 16 2026 16:01:19 GMT-0400 (Horário Padrão do Amazonas),,d5be6b7c-642f-4150-b5ae-16412d2ef2d8,INSERT,,[object Object]
c0a895fc-d949-4eff-a54d-c2d63fd12439,Mon Feb 16 2026 16:02:24 GMT-0400 (Horário Padrão do Amazonas),,e0b60dd7-9f7b-4647-a8b4-1c582bf075b5,INSERT,,[object Object]
337a1c8a-b2d2-4e8e-9715-d6734f6c7c47,Mon Feb 16 2026 16:02:24 GMT-0400 (Horário Padrão do Amazonas),,6e507adc-e1f7-48fb-a10c-db825c794652,INSERT,,[object Object]
99ae931c-b49a-4deb-a357-509687b369c6,Mon Feb 16 2026 16:03:18 GMT-0400 (Horário Padrão do Amazonas),,da359fa5-3467-4d2e-b327-5b93560cba8d,INSERT,,[object Object]
1d9acbe2-d8f6-4e80-a999-d5f219111a3a,Mon Feb 16 2026 16:03:18 GMT-0400 (Horário Padrão do Amazonas),,80db919c-6578-4ae1-8850-7c02f6b9cd03,INSERT,,[object Object]
e57e4e91-a937-4760-9d6f-df26b98f677c,Mon Feb 16 2026 16:03:18 GMT-0400 (Horário Padrão do Amazonas),,2b506f04-a1c5-4793-8323-e078d8a30222,INSERT,,[object Object]
b8ed3c32-289d-49d9-8ad9-75ea460e3bd0,Mon Feb 16 2026 16:04:10 GMT-0400 (Horário Padrão do Amazonas),,a697eb02-20a2-4821-8247-4d3c579fa3a3,INSERT,,[object Object]
a956f323-5f01-49c8-84c7-90a3fe669b2f,Mon Feb 16 2026 16:04:10 GMT-0400 (Horário Padrão do Amazonas),,871d0c5e-d6fb-45ca-90ac-e3b5814e7fca,INSERT,,[object Object]
dcc38557-6d03-4ffc-929c-e1c654be0a6c,Mon Feb 16 2026 16:04:10 GMT-0400 (Horário Padrão do Amazonas),,32118b54-aa22-4982-8fe8-488d52b7f2db,INSERT,,[object Object]
83fdd6c1-2860-4360-8771-50fd3179a2b2,Mon Feb 16 2026 16:08:13 GMT-0400 (Horário Padrão do Amazonas),,9bb51032-7ff4-4868-9ab8-2f0793d36c19,INSERT,,[object Object]
8553b327-45c9-4bbe-80e3-62dc29e45787,Mon Feb 16 2026 16:08:13 GMT-0400 (Horário Padrão do Amazonas),,9bb51032-7ff4-4868-9ab8-2f0793d36c19,UPDATE,[object Object],[object Object]
fd61afc6-725d-46a3-8bf3-92a0a875b96c,Mon Feb 16 2026 16:13:59 GMT-0400 (Horário Padrão do Amazonas),,6e0d252b-a959-4eca-b91e-bc1f097387cf,INSERT,,[object Object]
d2c7ea05-660c-4430-885d-22245e3ba9c0,Mon Feb 16 2026 16:13:59 GMT-0400 (Horário Padrão do Amazonas),,6e0d252b-a959-4eca-b91e-bc1f097387cf,UPDATE,[object Object],[object Object]
47d4e939-b64c-44a5-9b41-7a523c8c9cce,Mon Feb 16 2026 16:14:21 GMT-0400 (Horário Padrão do Amazonas),,9f43f52b-044f-4c15-beab-4d1e0fd78edc,INSERT,,[object Object]
e44e2838-d6ac-4685-ab3e-8c8a2f92bc6c,Mon Feb 16 2026 16:14:23 GMT-0400 (Horário Padrão do Amazonas),,9f43f52b-044f-4c15-beab-4d1e0fd78edc,UPDATE,[object Object],[object Object]
7401fdaa-61da-4161-b505-8e63217fd86f,Mon Feb 16 2026 16:16:09 GMT-0400 (Horário Padrão do Amazonas),,5ebe247c-413e-4b80-8de2-848f74944d8e,INSERT,,[object Object]
a7b6e569-3a1f-4aad-8e23-a1c766fd93a9,Mon Feb 16 2026 16:18:58 GMT-0400 (Horário Padrão do Amazonas),,9a07cd37-6a94-4d60-ace9-745146bb6dd8,INSERT,,[object Object]
44afc0c8-65e0-495b-b0c1-795e536659ee,Mon Feb 16 2026 16:18:59 GMT-0400 (Horário Padrão do Amazonas),,22960042-4de3-4ac0-9eb5-b5d93df8ac3b,INSERT,,[object Object]
ec839af3-d076-4bdd-8deb-d5000d491c49,Mon Feb 16 2026 16:19:06 GMT-0400 (Horário Padrão do Amazonas),,d658c10d-2473-4ec0-bb14-627788f69525,INSERT,,[object Object]
0019d3fd-0761-4366-9594-e03292861be3,Mon Feb 16 2026 16:21:29 GMT-0400 (Horário Padrão do Amazonas),,4e2d4e1d-bfdc-4095-b1c8-69126f6f08a7,INSERT,,[object Object]
d5bb3f28-4f51-49ff-8dbd-a45ed7501739,Thu Feb 19 2026 08:01:53 GMT-0400 (Horário Padrão do Amazonas),,a3c39e60-b4d9-4b2f-9555-85b436ebcf57,INSERT,,[object Object]
144a40ed-7d70-4e1a-aff1-7842fc9b70de,Thu Feb 19 2026 08:01:55 GMT-0400 (Horário Padrão do Amazonas),,a3c39e60-b4d9-4b2f-9555-85b436ebcf57,UPDATE,[object Object],[object Object]
7698176d-d0a1-4ae9-a7f6-4668beeca52d,Thu Feb 19 2026 11:13:43 GMT-0400 (Horário Padrão do Amazonas),,a3c39e60-b4d9-4b2f-9555-85b436ebcf57,UPDATE,[object Object],[object Object]
382bf201-bc83-49a0-a87f-6b2267042f18,Tue Mar 03 2026 09:23:08 GMT-0400 (Horário Padrão do Amazonas),,a3c39e60-b4d9-4b2f-9555-85b436ebcf57,UPDATE,[object Object],[object Object]
5c7d29c2-c788-44d1-9f6e-cd04aba121d1,Tue Mar 03 2026 09:36:36 GMT-0400 (Horário Padrão do Amazonas),,a3c39e60-b4d9-4b2f-9555-85b436ebcf57,UPDATE,[object Object],[object Object]
a69833d7-7de6-415b-bbec-9491d2737ebb,Wed Mar 04 2026 10:36:03 GMT-0400 (Horário Padrão do Amazonas),,3bfbf52d-9449-43da-a65b-de395eed3f18,UPDATE,[object Object],[object Object]
93de09f2-30b8-4e97-91c4-2215f291fcfc,Wed Mar 04 2026 10:36:04 GMT-0400 (Horário Padrão do Amazonas),,3bfbf52d-9449-43da-a65b-de395eed3f18,UPDATE,[object Object],[object Object]
70c365b2-0385-4d79-801d-3112b0d8e1fb,Wed Mar 04 2026 10:40:32 GMT-0400 (Horário Padrão do Amazonas),,15041ac2-3b97-42f1-8bb1-948f78665c4b,UPDATE,[object Object],[object Object]
f5f4241f-491b-49da-8df4-1b990c18100d,Wed Mar 04 2026 10:42:36 GMT-0400 (Horário Padrão do Amazonas),,fb795bc3-a6d0-4222-8e6f-6814c1a3dcb7,UPDATE,[object Object],[object Object]
a766b1ff-ee4e-4971-8edc-e60d62e76d9d,Wed Mar 04 2026 10:45:27 GMT-0400 (Horário Padrão do Amazonas),,7095e991-51c1-49da-acbb-18fe3c4b57e6,UPDATE,[object Object],[object Object]
bae6aaa5-5872-4a8e-b88e-ab0b928e58b6,Wed Mar 04 2026 15:36:11 GMT-0400 (Horário Padrão do Amazonas),,af12623c-0049-426b-b5aa-ea0c1faebe78,UPDATE,[object Object],[object Object]
2d6cdbfc-20b0-49bf-bd52-17c9bc2005b2,Wed Mar 04 2026 15:45:52 GMT-0400 (Horário Padrão do Amazonas),,8bfcfcd8-fc35-4c19-92dc-30bf929da580,UPDATE,[object Object],[object Object]
ac207db1-732c-4c7b-b4c5-548b79cb129f,Wed Mar 04 2026 15:45:53 GMT-0400 (Horário Padrão do Amazonas),,8bfcfcd8-fc35-4c19-92dc-30bf929da580,UPDATE,[object Object],[object Object]
879c1b63-f671-4685-8187-e8bf12b27d99,Wed Mar 04 2026 15:49:06 GMT-0400 (Horário Padrão do Amazonas),,b57aea55-e09a-4fb2-9ccb-dcf80276490b,UPDATE,[object Object],[object Object]
099b2534-6f1a-4ce3-bef7-510402af93bf,Wed Mar 04 2026 15:49:08 GMT-0400 (Horário Padrão do Amazonas),,b57aea55-e09a-4fb2-9ccb-dcf80276490b,UPDATE,[object Object],[object Object]
5d18b83a-6c1e-4713-b951-1ffb6f6e892c,Wed Mar 04 2026 18:53:28 GMT-0400 (Horário Padrão do Amazonas),,a3c39e60-b4d9-4b2f-9555-85b436ebcf57,UPDATE,[object Object],[object Object]
c93c011b-1f95-4682-b70b-3c3137748958,Wed Mar 04 2026 18:54:47 GMT-0400 (Horário Padrão do Amazonas),,a3c39e60-b4d9-4b2f-9555-85b436ebcf57,UPDATE,[object Object],[object Object]
41626536-383f-4007-9c22-1e6486900759,Wed Mar 04 2026 18:54:57 GMT-0400 (Horário Padrão do Amazonas),,a3c39e60-b4d9-4b2f-9555-85b436ebcf57,UPDATE,[object Object],[object Object]
d31f21b5-0eb2-450c-ac90-e74131803dd3,Sat Mar 07 2026 07:49:48 GMT-0400 (Horário Padrão do Amazonas),,a3c39e60-b4d9-4b2f-9555-85b436ebcf57,UPDATE,[object Object],[object Object]
9b446cb9-d50e-4f0c-8fab-13e59e2b9168,Sat Mar 07 2026 07:49:49 GMT-0400 (Horário Padrão do Amazonas),,a3c39e60-b4d9-4b2f-9555-85b436ebcf57,UPDATE,[object Object],[object Object]
136f34ef-d446-466b-9ed8-e264e3d8b057,Sat Mar 07 2026 07:51:38 GMT-0400 (Horário Padrão do Amazonas),,a3c39e60-b4d9-4b2f-9555-85b436ebcf57,UPDATE,[object Object],[object Object]
508e61b1-bc86-41e6-bdb2-9fdb5075f28c,Sat Mar 07 2026 07:51:39 GMT-0400 (Horário Padrão do Amazonas),,a3c39e60-b4d9-4b2f-9555-85b436ebcf57,UPDATE,[object Object],[object Object]
5e02f8f8-c502-450b-a42d-a397b34259a4,Sat Mar 07 2026 07:56:34 GMT-0400 (Horário Padrão do Amazonas),,a3c39e60-b4d9-4b2f-9555-85b436ebcf57,UPDATE,[object Object],[object Object]
30efba04-835f-436f-99f0-aecd73b9bcd4,Sat Mar 07 2026 07:56:34 GMT-0400 (Horário Padrão do Amazonas),,a3c39e60-b4d9-4b2f-9555-85b436ebcf57,UPDATE,[object Object],[object Object]
